{"train_loss": [0.3584109290496453, 0.3324089644255338, 0.30972842028091, 0.29533592512557555, 0.28206694938919763, 0.26964976727128864, 0.2596101650408098, 0.25193608494905323, 0.24188890771849172, 0.23249329762025314, 0.22301859486769962, 0.214620039909036, 0.2060936646653222, 0.19559586881757615, 0.1894856842456164, 0.18045179597981326, 0.17180250303728598, 0.16258059827597826, 0.15528933146408389, 0.1485705051076162, 0.1414610361615261, 0.13592622533336385, 0.12765899402174083, 0.12010082612921308, 0.11669632276663414, 0.10971786798192905, 0.10673773874873882, 0.10078359483838915, 0.0945427238524377, 0.09205604896887198, 0.08757718616015428, 0.0859128271157925, 0.08105042602840837, 0.07655197833957789, 0.07379666001086573, 0.07105274296567574, 0.06695896988877884, 0.0662543416622427, 0.06310422402005512, 0.06110571004398219, 0.05860291397967539, 0.05622437942799155, 0.05540939546808913, 0.052853552246844016, 0.05114334416608293, 0.0506214583943878, 0.04796530485114122, 0.04801249045592088, 0.044093047004922496, 0.04463287330903373], "train_accu": [0.24737762237762237, 0.3513986013986014, 0.420236013986014, 0.45301573426573427, 0.4704982517482518, 0.5048076923076923, 0.5297202797202797, 0.5511363636363636, 0.5708041958041958, 0.586756993006993, 0.6103583916083916, 0.6304632867132867, 0.638548951048951, 0.673951048951049, 0.6815996503496503, 0.7049825174825175, 0.7126311188811189, 0.7386363636363636, 0.7517482517482518, 0.7657342657342657, 0.777972027972028, 0.7884615384615384, 0.8061625874125874, 0.8159965034965035, 0.8190559440559441, 0.833916083916084, 0.8352272727272727, 0.8516171328671329, 0.8581730769230769, 0.8607954545454546, 0.868006993006993, 0.871722027972028, 0.8802447552447552, 0.8870192307692307, 0.8881118881118881, 0.8951048951048951, 0.899256993006993, 0.8981643356643356, 0.90625, 0.9088723776223776, 0.9112762237762237, 0.919798951048951, 0.9154283216783217, 0.9241695804195804, 0.9219842657342657, 0.9224213286713286, 0.926791958041958, 0.9313811188811189, 0.9329108391608392, 0.9311625874125874], "valid_loss": [0.3322697332719477, 0.3064122650681472, 0.2853337511783693, 0.2685840507832969, 0.25719630027689583, 0.24674760023268258, 0.23693990089544437, 0.22954861856088404, 0.21813743288924053, 0.20803172595617248, 0.2022628853233849, 0.19429867805504217, 0.18696002480460377, 0.1881586905659699, 0.17581957360593284, 0.17281208005620213, 0.16624080771353186, 0.14964049945517285, 0.14241771399974823, 0.14484397758071016, 0.13462849997165727, 0.15011686940745608, 0.1239256484479439, 0.11965476212705053, 0.10763135534234164, 0.10374992059134855, 0.10172655996752948, 0.10549054849075108, 0.09246558432535427, 0.10353327342649786, 0.11378868587496804, 0.08594947199269039, 0.0987901652186382, 0.09182517166908194, 0.08062211896588163, 0.0891403487724502, 0.08812563911807246, 0.07611838410176881, 0.07563695602300691, 0.06964195265275676, 0.07285517581352373, 0.07351560181960827, 0.0711700435636974, 0.06457720642409674, 0.06431407944821729, 0.06406716239161608, 0.06320449028436731, 0.059888580677712834, 0.05994276815979946, 0.07510879790274108], "valid_accu": [0.39512195121951216, 0.42179878048780484, 0.4821646341463415, 0.5201219512195122, 0.5388719512195121, 0.5541158536585366, 0.5823170731707317, 0.5952743902439024, 0.6211890243902439, 0.6460365853658536, 0.661280487804878, 0.6803353658536585, 0.6882621951219512, 0.6704268292682927, 0.6955792682926829, 0.7001524390243903, 0.7070121951219512, 0.769969512195122, 0.7737804878048781, 0.7596036585365854, 0.7920731707317074, 0.7280487804878049, 0.8042682926829269, 0.8096036585365854, 0.8347560975609757, 0.8291158536585366, 0.8362804878048781, 0.8222560975609756, 0.8608231707317073, 0.8329268292682926, 0.8030487804878048, 0.859298780487805, 0.8352134146341463, 0.8504573170731707, 0.8669207317073171, 0.8512195121951219, 0.8557926829268292, 0.8763719512195122, 0.8775914634146342, 0.8859756097560977, 0.875609756097561, 0.8842987804878049, 0.8878048780487805, 0.8935975609756098, 0.9019817073170733, 0.8951219512195122, 0.9027439024390245, 0.9038109756097561, 0.9073170731707317, 0.8748475609756097]}