{
  "train_loss": [
    0.36989475102037994, 0.35332695294070887, 0.3360595606468819,
    0.3240243196487427, 0.3106533748072547, 0.3014957816214175,
    0.2920250743627548, 0.28351584439342087, 0.2721273230539786,
    0.26533751149435303, 0.26185115366368683, 0.25250180669732997,
    0.2437437817051604, 0.23738821052216194, 0.23891291505581624,
    0.23039942818718986, 0.2216490249376039, 0.21494941212035515,
    0.21140442949694557, 0.20633459332826976, 0.19732004927622304,
    0.19637600070721395, 0.1921283707425401, 0.18454331079044858,
    0.17841766895474614, 0.17127361531193191, 0.16666307844020226,
    0.15959403321549698, 0.15933657296606013, 0.1543376778025885,
    0.1450926796407313, 0.14303240018921928, 0.14023379478100184,
    0.13484484863442345, 0.13265297924344605, 0.12652866723569664,
    0.11691038713261888, 0.11747616307960974, 0.11018153783437368,
    0.1077687620512537, 0.10235670470708125, 0.09540230569404524,
    0.09361051768064499, 0.08870346280368599, 0.08482089125224061,
    0.08361755492719444, 0.0802022537870987, 0.07485192520795642,
    0.07226613606955554, 0.0680088196956628
  ],
  "train_accu": [
    0.20270270270270271, 0.28040540540540543, 0.3288288288288288,
    0.38344594594594594, 0.42201576576576577, 0.4512950450450451,
    0.48761261261261263, 0.4969031531531532, 0.5244932432432432,
    0.5461711711711711, 0.5470157657657657, 0.5540540540540541,
    0.5774211711711711, 0.5861486486486487, 0.5869932432432432,
    0.6145833333333333, 0.6221846846846847, 0.6306306306306306,
    0.6463963963963965, 0.6618806306306306, 0.679617117117117,
    0.6804617117117117, 0.6925675675675675, 0.7010135135135135,
    0.7331081081081081, 0.727759009009009, 0.7491554054054054,
    0.7545045045045046, 0.754786036036036, 0.7660472972972973,
    0.7857545045045046, 0.7961711711711711, 0.8006756756756757,
    0.8079954954954954, 0.8099662162162162, 0.8257319819819819,
    0.8361486486486487, 0.8355855855855856, 0.8645833333333333,
    0.8502252252252251, 0.8620495495495495, 0.862331081081081,
    0.8817567567567568, 0.8938626126126126, 0.8963963963963963,
    0.897240990990991, 0.9087837837837838, 0.9135698198198199,
    0.9172297297297297, 0.9197635135135135
  ],
  "valid_loss": [
    0.3557329936461015, 0.3381906910376115, 0.32301127368753607,
    0.3095932359045202, 0.29311746900731867, 0.28332256458022376,
    0.27128607576543634, 0.26279606602408667, 0.25091965090144763,
    0.2459192695942792, 0.23849384080279956, 0.23445336114276538,
    0.22739202055064114, 0.2166845514015718, 0.2144744423302737,
    0.20829863168976523, 0.20779515531930057, 0.1974654414437034,
    0.19125079295851968, 0.1849042922258377, 0.1831157789988951,
    0.18221102790399032, 0.17290478267452933, 0.16876377300782638,
    0.1652838330377232, 0.1566593281247399, 0.15088981119069186,
    0.14821576462550598, 0.14700890264727853, 0.14198914644393054,
    0.13638247481801294, 0.13185276836156845, 0.12645952877673236,
    0.12563755837353793, 0.12353036823597821, 0.11785914545709436,
    0.12523164261471142, 0.11865122548558495, 0.11021277376196602,
    0.11490124870430339, 0.10275968909263611, 0.09781589765440334,
    0.09714303876865994, 0.09902301701632413, 0.08934790031476454,
    0.08445960046215491, 0.08009705320000648, 0.08234821937300942,
    0.07960551536896011, 0.07727126133712856
  ],
  "valid_accu": [
    0.3068181818181818, 0.42045454545454547, 0.4147727272727273,
    0.5028409090909091, 0.45454545454545453, 0.5056818181818182,
    0.5198863636363636, 0.5397727272727273, 0.59375, 0.5880681818181818, 0.5625,
    0.5823863636363636, 0.5738636363636364, 0.65625, 0.6676136363636364,
    0.6647727272727273, 0.6051136363636364, 0.6534090909090909,
    0.6818181818181818, 0.7357954545454546, 0.7073863636363636,
    0.6818181818181818, 0.7585227272727273, 0.7698863636363636,
    0.7272727272727273, 0.7642045454545454, 0.7897727272727273,
    0.7897727272727273, 0.7840909090909091, 0.8011363636363636, 0.8125,
    0.8238636363636364, 0.8352272727272727, 0.8125, 0.8409090909090909,
    0.8352272727272727, 0.7869318181818182, 0.8465909090909091, 0.84375,
    0.8181818181818182, 0.8409090909090909, 0.8551136363636364,
    0.8721590909090909, 0.8380681818181818, 0.8664772727272727,
    0.8863636363636364, 0.8892045454545454, 0.8863636363636364, 0.875, 0.90625
  ]
}
