{"train_loss": [0.36218225330482295, 0.34259620823977904, 0.3259975523860366, 0.311052448955583, 0.2991417480839623, 0.2874173242368816, 0.2764305345438145, 0.2688777623353181, 0.26135866601526003, 0.25242418786625803, 0.24441450521533872, 0.2331038255382467, 0.2257267799642351, 0.2182312719983819, 0.21299509409769082, 0.2060877467379158, 0.19694553977913326, 0.18840103734422614, 0.1823777327383006, 0.1737471204481007, 0.16546876986085632, 0.158695564041903, 0.15303721812404233, 0.14448972138357752, 0.13868014026939132, 0.13164764688706693, 0.12298732103756917, 0.12010975697158295, 0.11278765768180658, 0.10601361951342335, 0.10211597507198651, 0.09687943687593495, 0.09425085691022284, 0.08820470463898447, 0.08335507516231802, 0.08206110732790864, 0.076544444916057, 0.07315664853394767, 0.06946670595142576, 0.06615019104454989], "train_accu": [0.23070987654320987, 0.31905864197530864, 0.376929012345679, 0.4201388888888889, 0.4444444444444444, 0.4722222222222222, 0.49459876543209874, 0.5073302469135802, 0.5285493827160493, 0.5513117283950617, 0.5640432098765432, 0.5883487654320988, 0.6014660493827161, 0.6331018518518519, 0.6446759259259259, 0.6558641975308642, 0.6712962962962963, 0.6917438271604939, 0.7060185185185185, 0.7245370370370371, 0.7403549382716049, 0.7511574074074074, 0.7635030864197531, 0.7878086419753086, 0.7924382716049383, 0.8082561728395061, 0.8221450617283951, 0.8256172839506173, 0.8433641975308642, 0.8429783950617284, 0.8522376543209876, 0.8614969135802469, 0.8684413580246914, 0.8819444444444444, 0.8881172839506173, 0.8854166666666666, 0.9047067901234568, 0.9027777777777778, 0.9093364197530864, 0.9131944444444444], "valid_loss": [0.3440065147976081, 0.3241290437678496, 0.30707845464348793, 0.29346690823634464, 0.2814618907868862, 0.27366784525414306, 0.2630131064603726, 0.25445429732402164, 0.24724132443467775, 0.23858258749047914, 0.2311906274408102, 0.2230050154030323, 0.21698576025664806, 0.20890691503882408, 0.20199411734938622, 0.19362704269587994, 0.18766796961426735, 0.1815365037570397, 0.1742781319965919, 0.17064464278519154, 0.1593505460768938, 0.15817657113075256, 0.14627537534882626, 0.1408106212814649, 0.13561649434268475, 0.13066053576767445, 0.12675570572415987, 0.120126706858476, 0.11491790724297364, 0.11382135221113761, 0.1094080846135815, 0.10622311849147081, 0.10112128344674905, 0.10042609957357247, 0.099030166088293, 0.0913400004307429, 0.08843324209252994, 0.09147180430591106, 0.08512713325520356, 0.08053554842869441], "valid_accu": [0.3528645833333333, 0.3841145833333333, 0.4296875, 0.4375, 0.4479166666666667, 0.453125, 0.4713541666666667, 0.50390625, 0.5260416666666666, 0.55859375, 0.5833333333333334, 0.6184895833333334, 0.6315104166666666, 0.6471354166666666, 0.6614583333333334, 0.6848958333333334, 0.6953125, 0.7109375, 0.7291666666666666, 0.7265625, 0.7486979166666666, 0.75390625, 0.7708333333333334, 0.7838541666666666, 0.7799479166666666, 0.7916666666666666, 0.8033854166666666, 0.81640625, 0.8216145833333334, 0.82421875, 0.8229166666666666, 0.8216145833333334, 0.83984375, 0.8372395833333334, 0.83203125, 0.8489583333333334, 0.8489583333333334, 0.83984375, 0.8528645833333334, 0.8567708333333334]}