{"train_loss": [0.36492657359642316, 0.3508014418656313, 0.3390419588813299, 0.33219155820110174, 0.32358539557155175, 0.3151547505131251, 0.3090347564673122, 0.3004545956095563, 0.2952632364592975, 0.2858892722597605, 0.2804041729320454, 0.2714098533497581, 0.26881749984584274, 0.2616099602059473, 0.2519526483514641, 0.24975435360323026, 0.24259936470019666, 0.2365251496622834, 0.22889350995987276, 0.22413409925714323, 0.21473225309878965, 0.21013587373721448, 0.2015859492217438, 0.19465985234025157, 0.18618063590949094, 0.18246085592840292, 0.17408099195247964, 0.16529475840963895, 0.1609068103606188, 0.1574484031600288, 0.1476685890479933, 0.14083717867166182, 0.13745356662363944, 0.12897856637269636, 0.12187068881113318, 0.12151470068323461, 0.11406651837161824, 0.10904657869022104, 0.10369969734662696, 0.09894338353902479, 0.09580922155063364, 0.08785045783542379, 0.08752579194835469, 0.08365465912826453, 0.07729687673758857, 0.07599170996418482, 0.07244580026857461, 0.067599981928928, 0.06670865341077876, 0.06282707747024825], "train_accu": [0.21764813795633828, 0.2837644468904787, 0.3288754356998717, 0.3400110071546506, 0.36009906439185474, 0.3807374793615851, 0.40926435516419, 0.4228948816730875, 0.4422491286002565, 0.4707760044028619, 0.4922949917446339, 0.5020913593835994, 0.5139057053751607, 0.5389286369473488, 0.5475692533480097, 0.54863327829756, 0.5623004953219591, 0.5819666116308935, 0.5906072280315539, 0.6142909557879291, 0.6350944780774174, 0.6467437167492205, 0.6727756374977069, 0.6804072647220697, 0.7161071363052648, 0.7099431297009723, 0.7326912493120528, 0.7491469455145845, 0.7456796917996698, 0.765602641717116, 0.7842964593652539, 0.8021830856723539, 0.796569436800587, 0.8188956154833974, 0.8291873050816364, 0.8297009722986609, 0.8332416070445786, 0.8505411851036502, 0.8634929370757656, 0.8709227664648684, 0.8804623004953219, 0.8894881673087505, 0.8847184002935233, 0.8873417721518981, 0.9036690515501739, 0.901008989176298, 0.912951751972115, 0.9175931021830857, 0.9199963309484496, 0.9261603375527422], "valid_loss": [0.3466698643953904, 0.33437076729276904, 0.3239491879940033, 0.31521334466726886, 0.30628770460253174, 0.29612317163011304, 0.2886530912440756, 0.2802516176648762, 0.27183126366656757, 0.26382856459721277, 0.25639207725939545, 0.2501991391181946, 0.24338882254517596, 0.23664457383363144, 0.22915534999059595, 0.2230957532706468, 0.21880340317021246, 0.2107668531977612, 0.20548793220001718, 0.20054879460645758, 0.19314772862455118, 0.1892666272495104, 0.18154115586177164, 0.17511962289395538, 0.17248508658098138, 0.16272545703079389, 0.15881028868581937, 0.1527203645395196, 0.15070593907781268, 0.1455191798184229, 0.13495986843886582, 0.13374370984409167, 0.12799386323794074, 0.12057462107876073, 0.12134619575479756, 0.11901810311752817, 0.11133739481801572, 0.10729596537092458, 0.10603163164594899, 0.10018120981428934, 0.09775577566545943, 0.0970313071232775, 0.09389077969219374, 0.08890935357498086, 0.0874744328143804, 0.08775867408384448, 0.0801956669791885, 0.07949400110089261, 0.07953833642861118, 0.07422417645221172], "valid_accu": [0.31014492753623196, 0.3782608695652174, 0.38115942028985506, 0.45942028985507255, 0.4782608695652174, 0.5, 0.5173913043478261, 0.5115942028985507, 0.5521739130434782, 0.5608695652173913, 0.5942028985507245, 0.5739130434782608, 0.6275362318840577, 0.6188405797101447, 0.6304347826086956, 0.6362318840579708, 0.6550724637681158, 0.643478260869565, 0.66231884057971, 0.6797101449275362, 0.6956521739130432, 0.6985507246376812, 0.708695652173913, 0.7420289855072464, 0.726086956521739, 0.753623188405797, 0.7579710144927535, 0.772463768115942, 0.7797101449275362, 0.7797101449275361, 0.8101449275362319, 0.8072463768115942, 0.8260869565217392, 0.8318840579710146, 0.8202898550724641, 0.8304347826086959, 0.8362318840579712, 0.8507246376811594, 0.8521739130434783, 0.8637681159420292, 0.8666666666666668, 0.8666666666666667, 0.8681159420289855, 0.8797101449275363, 0.8811594202898552, 0.8739130434782609, 0.8797101449275361, 0.8956521739130434, 0.8869565217391305, 0.8927536231884059]}